Model,Jan,Feb,Mar,Apr,May,Jun,Jul,Aug,Sep,Oct,Nov,Dec
Acura ILX,805,"1,047","1,289","1,152","1,351","1,312","1,224","1,439","1,078","1,430","1,253","1,305"
Acura MDX,"2,968","3,833","3,982","3,339","4,425","4,087","4,788","5,976","3,833","4,368","4,784","5,636"
Acura NSX,31,22,26,23,30,19,10,25,16,15,11,10
Acura RDX,"4,172","4,965","5,835","4,926","5,415","4,868","4,934","5,459","4,384","5,888","5,767","6,263"
Acura RLX,119,127,135,151,91,50,42,38,46,68,80,72
Acura TLX,"1,669","2,219","3,141","2,096","2,235","1,812","1,761","2,252","1,741","2,188","2,587","2,847"
Alfa Romeo 4C,7,16,18,27,14,9,12,13,11,6,6,6
Alfa Romeo Giulia,531,646,858,746,797,768,668,748,614,767,795,767
Alfa Romeo Stelvio,612,700,898,811,761,818,738,827,679,856,888,856
Audi A3,664,823,"1,182",681,947,831,522,705,863,942,995,"1,263"
Audi A4,"1,691","1,436","2,652","1,860","2,223","2,292","2,579","2,924","2,392","2,178","2,056","2,152"
Audi A5,"1,651","1,603","2,224","1,685","2,251","2,160","2,017","2,085","1,646","1,705","1,805","2,191"
Audi A6,"1,889","1,506","1,963","1,374","1,427","1,743","1,246","1,247",770,"1,252","1,264","2,126"
Audi A7,620,474,672,441,526,409,289,331,199,294,246,454
Audi A8,284,242,261,187,190,166,114,164,109,245,465,536
Audi eTron,-,-,-,253,856,726,678,593,434,462,621,746
Audi Q3,193,120,85,17,11,6,"1,415","2,420","1,820","1,943","2,497","4,295"
Audi Q5,"4,340","4,359","6,529","4,350","5,721","6,747","6,434","6,282","4,374","5,960","6,152","6,268"
Audi Q7,"2,061","1,965","3,091","2,752","3,241","2,923","2,751","3,408","2,357","2,971","3,162","3,967"
Audi Q8,807,900,"1,469","1,280","1,319","1,185","1,123","1,214",987,"1,051","1,210","1,711"
Audi R8,42,55,52,30,27,62,37,35,67,61,54,52
Audi TT,11,77,122,114,153,159,165,123,112,108,91,89
BMW 2-Series,578,738,746,581,253,717,662,617,863,690,805,765
BMW 3-Series,"1,226","2,379","4,620","3,642","4,364","4,927","3,392","3,984","4,303","3,462","6,283","5,245"
BMW 4-Series,"2,842","2,685","1,875","1,214","1,340","1,738","1,484","1,072","1,452","1,030",998,891
BMW 5-Series,"3,679","2,976","3,690","2,857","3,242","6,259","2,521","2,534","2,606","2,837","2,775","2,733"
BMW 6-Series,161,315,149,96,150,80,65,51,31,20,13,8
BMW 7-Series,454,851,988,567,"1,071",744,760,762,625,611,627,763
BMW 8-Series,99,138,364,275,321,325,228,271,374,421,528,"1,066"
BMW i3,255,350,359,331,438,473,304,385,467,359,918,214
BMW i8,23,47,91,87,145,280,101,90,68,64,55,51
BMW X1,941,"1,445","3,470","1,618",659,3,700,"1,710","2,127","1,643","1,711","1,788"
BMW X2,616,"1,256","1,079",822,"1,158",891,686,532,"1,295",829,"1,036","1,093"
BMW X3,"3,135","4,706","6,727","4,321","6,186","7,052","5,690","6,360","5,943","5,952","5,948","8,090"
BMW X4,406,453,577,638,679,864,752,517,948,695,896,"1,333"
BMW X5,"3,092","4,360","4,460","3,781","4,204","4,473","3,804","4,522","4,339","4,444","5,359","7,757"
BMW X6,595,859,646,424,351,170,113,72,45,26,382,557
BMW X7,-,-,"2,186","2,291","2,123","2,214","1,465","1,741","1,734","2,047","2,614","3,159"
BMW Z4,-,-,201,271,424,417,288,285,247,310,265,233
Buick Cascada,245,236,265,426,492,394,132,147,121,26,26,25
Buick Enclave,"4,138","3,973","4,469","4,927","5,685","4,548","4,366","4,890","4,017","3,340","3,464","3,339"
Buick Encore,"8,094","7,770","8,742","7,895","9,109","7,287","8,226","9,213","7,568","9,384","9,730","9,383"
Buick Envision,"2,508","2,407","2,708","2,970","3,427","2,741","2,661","2,980","2,448","2,760","2,861","2,759"
Buick LaCrosse,955,916,"1,031",808,933,746,457,512,420,152,158,153
Buick Regal,"1,121","1,076","1,211",970,"1,119",896,808,905,743,499,516,499
Cadillac ATS,172,165,185,121,139,111,52,58,48,28,28,27
Cadillac CT5,-,-,-,-,-,-,-,-,-,-,-,43
Cadillac CT6,720,691,777,605,698,559,535,599,492,749,778,749
Cadillac CTS,799,767,863,794,916,733,371,416,341,318,330,318
Cadillac Escalade,"2,243","2,153","2,423","3,065","3,537","2,830","3,383","3,789","3,112","2,926","3,036","2,927"
Cadillac XT4,"2,311","2,219","2,496","2,301","2,655","2,124","2,956","3,311","2,719","2,928","3,039","2,928"
Cadillac XT5,"4,368","4,193","4,717","4,263","4,919","3,935","4,051","4,537","3,727","3,677","3,814","3,677"
Cadillac XT6,-,-,-,-,-,74,"1,420","1,590","1,306","2,361","2,448","2,361"
Cadillac XTS,"1,228","1,179","1,327","1,742","2,010","1,608",378,423,348,350,363,350
Chevrolet Blazer,994,955,"1,074","3,826","4,415","3,532","6,682","7,483","6,147","7,576","7,856","7,576"
Chevrolet Bolt,"1,420","1,363","1,533","1,289","1,487","1,190","1,589","1,779","1,462","1,089","1,129","1,089"
Chevrolet Camaro,"3,975","3,816","4,293","4,041","4,662","3,730","4,038","4,522","3,715","3,779","3,917","3,778"
Chevrolet Colorado,"11,018","10,577","11,899","10,292","11,876","9,501","10,413","11,663","9,580","8,391","8,102","8,391"
Chevrolet Corvette,"1,297","1,245","1,401","1,881","2,171","1,736","1,568","1,756","1,442","1,149","1,193","1,149"
Chevrolet Cruze,"7,668","7,361","8,282","5,254","6,062","4,850","1,908","2,136","1,755",889,921,889
Chevrolet Equinox,"29,112","27,947","31,441","27,839","32,121","25,697","26,250","29,400","24,150","30,323","31,446","30,323"
Chevrolet Express,"5,663","5,436","6,116","6,997","8,073","6,458","7,257","8,128","6,677","5,483","5,686","5,483"
Chevrolet Impala,"4,362","4,187","4,710","4,074","4,701","3,761","3,170","3,551","2,917","3,143","3,259","3,143"
Chevrolet Malibu,"11,249","10,799","12,149","10,067",-,"9,292","10,668","11,949","9,815","11,298","11,717","11,299"
Chevrolet Silverado,"37,603","36,099","40,611","46,300","53,424","42,739","51,145","57,283","47,054","53,782","55,744","53,785"
Chevrolet Sonic,"1,467","1,408","1,584","1,308","1,509","1,207",707,791,650,"1,099","1,140","1,100"
Chevrolet Spark,"2,113","2,028","2,282","2,348","2,710","2,168","2,176","2,437","2,002","3,627","3,762","3,627"
Chevrolet Suburban,"3,628","3,483","3,918","5,936","6,850","5,480","4,076","4,565","3,750","3,372","3,497","3,373"
Chevrolet Tahoe,"6,860","6,585","7,408","10,706","12,353","9,883","8,654","9,692","7,962","6,943","7,201","6,942"
Chevrolet Traverse,"11,258","10,807","12,158","12,399","14,307","11,446","13,525","15,148","12,443","11,073","11,483","11,075"
Chevrolet Trax,"8,086","7,762","8,732","7,082","8,171","6,537","12,305","13,782","11,321","10,879","11,282","10,878"
Chevrolet Volt,829,796,895,372,430,344,288,322,265,122,126,122
Chrysler 200,12,6,8,3,6,-,3,4,3,1,1,1
Chrysler 300,"2,078","2,508","3,704","1,998","2,665","2,904","2,578","2,887","2,371","1,818","1,885","1,818"
Chrysler Pacifica,"6,963","7,854","8,457","6,984","8,232","10,037","7,137","7,994","6,566","9,049","9,384","9,049"
Chrysler Town and Country,1,-,-,2,-,-,1,-,-,-,-,-
Dodge Avenger,-,-,-,-,1,-,-,-,-,-,-,-
Dodge Challenger,"3,230","3,639","6,562","4,422","5,748","5,067","5,931","6,643","5,457","4,708","4,882","4,708"
Dodge Charger,"5,210","6,547","8,858","6,101","9,296","9,034","8,572","9,601","7,887","8,505","8,820","8,505"
Dodge Dart,3,3,2,2,-,-,3,-,-,1,1,1
Dodge Durango,"4,288","6,105","6,626","6,171","8,263","5,538","5,142","5,759","4,730","4,931","5,114","4,931"
Dodge Grand Caravan,"7,113","12,521","15,806","7,483","16,809","12,215","9,032","10,115","8,309","7,654","7,937","7,654"
Dodge Journey,"7,232","8,258","8,513","7,082","7,642","6,704","5,581","6,250","5,134","4,047","4,197","4,047"
Dodge Viper,1,-,-,1,-,3,-,-,-,-,-,-
Fiat 124 Spider,160,139,214,329,349,337,226,253,208,142,147,142
Fiat 500,261,207,310,273,335,306,288,323,265,230,239,230
Fiat 500L,56,51,61,72,69,90,68,76,62,55,57,55
Fiat 500X,274,219,262,257,272,200,195,218,179,146,151,146
Ford C-Max,17,5,6,7,8,6,-,-,-,-,-,-
Ford E-Series,"3,550","3,408","3,834","3,757","4,335","3,468","3,248","3,638","2,988","4,227","4,383","4,227"
Ford EcoSport,128,"4,067","4,575","6,990","8,065","6,452","5,352","5,995","4,924","4,627","4,797","4,627"
Ford Edge,"10,171","9,764","10,985","10,827","12,493","9,994","12,059","13,506","11,094","12,388","12,846","12,387"
Ford Escape,"19,968","19,169","21,565","23,529","27,149","21,719","19,967","22,364","18,370","15,669","16,249","15,669"
Ford Expedition,"7,162","6,876","7,735","7,084","8,174","6,539","6,114","6,847","5,625","7,991","8,286","7,990"
Ford Explorer,"20,369","19,554","21,999","12,968","14,963","11,970","11,169","12,509","10,276","16,887","17,511","16,886"
Ford F-Series,"70,596","67,772","76,243","75,981","87,670","70,136","70,453","78,907","64,816","77,033","79,886","77,033"
Ford Fiesta,"5,244","5,035","5,664","7,206","8,315","6,652","4,841","5,422","4,454","2,409","2,497","2,409"
Ford Flex,"1,828","1,755","1,974","2,342","2,702","2,162","1,834","2,054","1,687","2,025","2,098","2,024"
Ford Focus,"3,404","3,268","3,677",693,799,639,-,-,-,-,-,-
Ford Fusion,"13,712","13,163","14,808","17,767","20,501","16,400","12,354","13,837","11,366","10,582","10,973","10,582"
Ford GT,28,27,30,17,19,15,171,192,157,14,14,14
Ford Mustang,"5,565","5,342","6,010","7,028","8,109","6,488","5,534","6,198","5,091","5,639","5,847","5,638"
Ford Ranger,"3,099","2,975","3,347","6,786","7,830",264,"8,622","9,657","7,932","10,886","11,287","10,886"
Ford Taurus,"2,510","2,409","2,711","1,268","1,463","1,171",340,381,313,283,292,282
Ford Transit,"10,474","10,055","11,312","13,411","15,474","12,380","14,433","16,165","13,278","12,146","12,594","12,145"
Ford Transit Connect,"2,941","2,823","3,176","3,547","4,092","3,274","3,795","4,250","3,491","3,362","3,485","3,361"
Genesis G70,596,819,817,844,"1,447","1,193",905,"1,015",871,"1,021","1,153","1,222"
Genesis G80,473,533,475,632,708,532,520,544,446,625,820,787
Genesis G90,155,176,159,129,158,162,161,198,242,289,194,216
GMC Acadia,"10,263","9,853","11,084","9,237","10,658","8,526","6,690","7,493","6,155","6,412","6,648","6,411"
GMC Canyon,"2,288","2,196","2,471","3,870","4,466","3,573","2,446","2,740","2,251","2,149","2,228","2,148"
GMC Savana,"2,160","2,073","2,333","3,088","3,564","2,851","1,652","1,850","1,520","1,033","1,070","1,033"
GMC Sierra,"13,338","12,804","14,405","18,478","21,322","17,057","21,776","24,389","20,034","22,629","23,465","22,628"
GMC Terrain,"8,343","8,010","9,011","8,121","9,371","7,496","7,585","8,495","6,978","9,240","9,581","9,239"
GMC Yukon,"4,917","4,720","5,310","6,507","7,509","6,007","6,163","6,903","5,670","6,904","7,159","6,903"
Honda Accord,"18,786","20,254","25,371","19,239","23,892","21,893","24,144","30,558","20,326","21,689","21,733","19,682"
Honda Civic,"21,553","22,979","33,653","28,436","32,800","29,751","29,167","34,808","22,337","23,577","23,676","22,913"
Honda Clarity FCV,"1,271","1,281","1,416","1,079",906,"1,092",852,914,548,635,855,805
Honda CR-V,"29,152","26,304","31,824","28,344","30,893","30,427","33,656","44,235","25,904","33,344","33,987","36,098"
Honda CR-Z,-,1,-,1,-,-,-,-,-,-,-,-
Honda Fit,"1,405","1,745","3,238","3,247","3,918","3,603","3,378","4,027","2,707","2,800","2,737","2,609"
Honda HR-V,"5,974","7,093","8,582","7,272","8,565","7,693","7,877","9,730","7,528","10,130","9,461","9,199"
Honda Insight,"1,762","1,587","2,151","2,028","2,653","2,367","2,218","2,477","1,541","1,614","1,579","1,709"
Honda Odyssey,"5,828","6,658","8,811","7,482","9,519","9,202","9,111","10,190","7,457","7,872","8,249","8,734"
Honda Passport,126,"1,848","2,840","2,907","3,434","3,585","3,511","4,182","2,890","3,649","3,636","3,677"
Honda Pilot,"8,556","10,990","13,411","11,399","12,517","11,579","11,874","14,381","9,262","9,529","10,260","11,250"
Honda Ridgeline,"1,962","2,186","2,804","2,654","2,888","2,761","2,749","3,302","2,327","2,647","3,297","3,757"
Hyundai Accent,"1,825","1,790","3,166","2,834","2,659","2,632","1,830","1,577","1,702","1,706","1,596","2,311"
Hyundai Elantra,"9,942","10,304","15,866","16,586","15,733","16,540","11,579","14,305","14,614","13,583","17,322","18,720"
Hyundai Ioniq,955,"1,032","1,323","1,211","1,471","1,607","2,891","2,152","1,504","2,769","1,495","1,164"
Hyundai Kona,"5,696","5,686","7,015","5,154","7,197","6,341","6,377","6,385","5,287","5,514","5,996","6,678"
Hyundai Nexo,35,5,20,19,19,21,21,34,23,17,38,15
Hyundai Palisade,-,-,-,-,-,383,"4,464","5,115","3,495","4,357","5,268","5,654"
Hyundai Santa Fe,"7,832","9,922","10,929","10,746","13,807","14,335","9,644","10,828","8,276","10,964","9,740","10,350"
Hyundai Sonata,"6,212","6,481","8,827","8,634","8,599","8,379","6,976","8,231","6,029","6,062","5,931","7,105"
Hyundai Tuscon,"7,444","9,411","11,976","8,682","15,616","12,825","12,629","13,985","10,293","11,288","12,008","11,224"
Hyundai Veloster,855,981,"2,055","1,554","1,020","1,139",929,"1,125",728,834,917,712
Hyundai Venue,-,-,-,-,-,-,-,-,-,-,290,787
Infiniti Q50,"2,249","2,230","3,785","2,174","1,857","2,042","1,895","1,888","1,635","2,100","1,967","2,165"
Infiniti Q60,406,327,571,425,314,359,396,384,336,595,500,430
Infiniti Q70,235,269,458,345,203,183,172,182,149,154,112,90
Infiniti QX30,455,574,548,232,350,290,274,208,94,102,52,50
Infiniti QX50,822,"1,122","1,639","1,513","1,829","1,799","1,701","1,833","1,352","1,468","1,723","1,815"
Infiniti QX60,"4,188","4,117","4,525","2,773","4,100","3,133","2,859","3,495","2,431","3,604","3,824","4,113"
Infiniti QX70,4,-,2,-,-,-,-,-,-,-,-,-
Infiniti QX80,"1,943","1,968","1,878","1,029","1,760","2,033","1,363","1,195","1,034","1,123","1,207","2,580"
Jaguar E-Pace,447,490,563,314,378,357,295,256,319,297,442,624
Jaguar F-Pace,"1,465","1,345","1,730","1,038",903,828,862,"1,169","1,021","1,325","1,787","2,018"
Jaguar F-Type,282,280,176,177,171,169,238,158,152,133,187,156
Jaguar I-Pace,210,186,212,237,228,236,213,160,160,306,270,176
Jaguar XE,406,777,658,217,186,164,178,239,218,180,132,196
Jaguar XF,96,278,212,71,50,64,118,72,73,44,63,95
Jaguar XJ,172,109,128,93,105,74,116,74,59,65,77,-
Jeep Cherokee,"15,138","16,020","18,262","14,681","17,283","15,826","17,151","19,209","15,779","13,845","14,358","13,845"
Jeep Compass,"10,298","12,063","14,945","12,697","14,534","10,976","11,565","12,953","10,640","10,952","11,358","10,952"
Jeep Gladiator,-,70,43,314,"2,584","4,231","5,307","5,943","4,882","5,487","5,690","5,487"
Jeep Grand Cherokee,"15,075","18,009","24,665","20,469","25,394","19,660","20,318","22,757","18,693","19,074","19,781","19,074"
Jeep Patriot,6,3,1,2,-,1,3,3,2,2,2,2
Jeep Renegade,"4,860","5,909","7,449","5,740","6,001","6,077","6,985","7,823","6,426","6,459","6,698","6,459"
Jeep Wrangler,"13,024","15,001","21,963","22,422","24,530","20,055","19,419","21,750","17,866","17,126","17,760","17,126"
Kia Cadenza,151,113,147,117,105,130,75,126,92,153,184,184
Kia Forte,"5,955","6,953","8,466","7,336","10,366","9,337","9,172","9,420","6,280","6,980","7,709","7,709"
Kia K900,26,36,40,43,29,35,31,39,32,17,32,32
Kia Niro,"1,706","2,031","1,609","1,839","2,557","2,200","1,935","2,352","1,733","1,983","2,238","2,238"
Kia Optima,"5,853","7,212","9,603","8,411","8,300","11,090","8,732","9,259","7,206","7,248","6,568","6,568"
Kia Rio,"1,608","1,822","2,414","2,082","2,482","2,038","2,266","2,752","1,722","1,939","1,692","1,692"
Kia Sedona,"1,348","1,144","1,367","1,067","1,460","1,392","1,356","1,532",910,"1,341","1,463","1,463"
Kia Sorento,"6,726","7,386","9,507","7,473","8,356","7,570","8,256","9,160","7,766","8,533","7,899","7,899"
Kia Soul,"7,101","8,592","9,860","10,431","10,713","8,886","7,358","8,701","5,985","6,761","6,713","6,713"
Kia Sportage,"5,963","6,768","6,467","6,077","8,011","6,789","8,573","9,593","6,863","7,623","8,125","8,125"
Kia Stinger,939,"1,034","1,254",939,"1,410","1,345","1,092","1,422",981,"1,354","1,057","1,057"
Kia Telluride,-,315,"5,080","5,570","6,273","5,989","4,559","6,374","5,049","6,075","6,824","6,824"
Land Rover Discovery / LR4,819,"1,039","1,185",572,589,548,597,560,509,451,"1,081","1,234"
Land Rover Discovery Sport,912,"1,283","1,332",919,"1,013",908,789,541,841,"1,058","1,238","1,503"
Land Rover Range Rover,"1,651","1,539","1,798","1,577","1,448","1,209","1,307","1,435","1,539","1,553","1,767","2,008"
Land Rover Range Rover Evoque,646,708,698,867,"1,010",999,876,"1,014","1,069",907,"1,363","1,372"
Land Rover Range Rover Sport,"2,004","2,148","2,317","1,986","1,922","1,755","1,748","1,716","2,288","2,584","2,474","2,826"
Land Rover Range Rover Velar,"1,353","1,434","2,162","1,244","1,355","1,174","1,139","1,306","1,242","1,540","1,591","1,547"
Lexus ES,"3,144","3,324","4,922","3,499","4,741","4,350","4,960","5,636","3,320","3,870","4,545","5,025"
Lexus GS,298,263,394,301,260,214,305,342,193,222,321,265
Lexus GX,"1,508","1,630","2,291","1,786","1,809","1,947","2,094","2,604","1,707","2,161","3,188","3,220"
Lexus IS,"1,075","1,115","1,694","1,385","1,533","1,560","1,331","1,363",844,843,"1,006","1,171"
Lexus LC,90,89,141,122,137,89,96,84,80,91,86,114
Lexus LFA,3,-,-,-,-,-,-,-,-,-,-,-
Lexus LS,508,439,457,474,462,357,396,509,346,468,529,583
Lexus LX,251,411,552,404,369,322,333,444,247,391,432,562
Lexus NX,"3,982","4,160","5,633","4,241","4,612","4,248","4,423","5,138","3,637","4,266","6,420","7,955"
Lexus RC,262,279,422,353,412,381,437,482,334,351,450,428
Lexus RX,"5,508","7,054","10,967","7,522","8,782","8,228","9,247","11,700","7,162","9,271","11,526","14,069"
Lexus UX,791,"1,358","1,776","1,273","1,420","1,351","1,403","1,629",990,"1,209","1,590","1,933"
Lincoln Aviator,-,-,-,-,-,-,625,700,575,"2,115","2,193","2,116"
Lincoln Continental,446,428,481,484,559,447,624,699,574,608,630,607
Lincoln MKC,"1,904","1,827","2,056","1,936","2,234","1,787","2,146","2,403","1,974","2,486","2,577","2,486"
Lincoln MKT,409,392,441,405,467,374,206,230,189,91,93,91
Lincoln MKX/Nautilus,"2,477","2,474","2,783","2,661","3,070","2,456","2,619","2,933","2,410","2,545","2,638","2,544"
Lincoln MKZ,"1,410","1,354","1,523","1,519","1,753","1,402","1,541","1,726","1,418","1,344","1,393","1,343"
Lincoln Navigator,"1,470","1,411","1,588","1,426","1,645","1,316","1,429","1,601","1,315","1,796","1,862","1,797"
Mazda 3,"4,596","4,610","6,009","4,351","4,967","3,990","3,651","4,825","3,507","3,481","3,579","3,175"
Mazda 6,"1,619","1,906","3,396","2,340","2,133","1,681","1,483","1,608","1,119","1,095","1,514","1,630"
Mazda CX-3,971,"1,081","1,201","1,019","1,188","1,324","1,523","2,024","1,449","1,386","1,654","1,409"
Mazda CX-30,-,-,-,-,-,-,-,-,-,-,31,868
Mazda CX-5,"10,652","13,377","13,465","9,592","14,057","13,242","13,391","15,592","10,332","10,970","14,139","15,734"
Mazda CX-9,"1,860","2,422","2,136","1,618","2,004","1,832","2,135","2,617","1,919","2,094","2,988","3,236"
Mazda MX-5 Miata,347,456,727,782,843,759,"1,109",816,512,494,469,439
Mercedes-Benz A-Class,-,-,890,804,804,"2,015","2,619","2,308","2,303","1,491","1,544","1,166"
Mercedes-Benz AMG GT,83,134,427,340,340,374,325,338,347,361,534,445
Mercedes-Benz B-Class,1,2,-,1,1,2,1,1,-,1,-,-
Mercedes-Benz C-Class,"4,676","4,812","5,514","4,054","4,054","3,951","3,449","3,315","4,073","3,096","4,469","3,412"
Mercedes-Benz CLA-Class,"2,278","1,566","1,366",986,986,573,609,118,623,"1,122","1,641","1,344"
Mercedes-Benz E / CLS-Class,"3,258","3,424","3,712","3,372","3,372","3,346","2,750","2,892","3,523","3,177","3,689","3,343"
Mercedes-Benz G-Class,427,"1,165",701,546,546,487,501,373,374,156,-,816
Mercedes-Benz GL/GLS-Class,"2,007","1,587","2,423","1,678","1,678",904,870,"1,142","1,798","2,733","2,893","2,902"
Mercedes-Benz GLA-Class,"1,603","1,247","1,871","1,770","1,770","1,715","1,450","1,405","1,678","2,448","2,461","2,096"
Mercedes-Benz GLB,-,-,-,-,-,-,-,-,-,-,-,"1,173"
Mercedes-Benz GLC/GLK-Class,"4,908","4,176","6,282","5,378","5,378","6,568","5,539","6,336","6,840","7,083","7,515","6,436"
Mercedes-Benz GLE-Class,"2,142","2,197","2,196","2,566","2,566","4,843","5,301","5,370","4,862","4,782","6,052","5,787"
Mercedes-Benz Metris,267,601,"1,111",671,810,"1,000",864,"1,612","1,370","1,279",886,"1,247"
Mercedes-Benz S-Class,886,"1,061","1,204",958,958,"1,063",919,926,778,"1,211","1,452","1,087"
Mercedes-Benz SL-Class,116,136,184,193,193,207,119,127,159,117,100,140
Mercedes-Benz SLC-Class,122,153,234,303,303,148,160,120,75,89,62,147
Mercedes-Benz Sprinter,947,"2,128","2,442","2,011","1,872","2,005","2,014","3,761","3,199","2,984","2,656","3,738"
Mini Cooper,"1,586","1,681","2,442","1,741","1,682","2,066","1,842","1,967","1,807","1,786","1,909","1,614"
Mini Countryman,871,998,"1,327",880,"1,140","1,169",985,"1,944","1,698","1,176","1,158",696
Mitsubishi Eclipse Cross,"1,563","4,291","3,143",920,"1,012","1,662",811,973,"1,484","1,046","1,336","1,420"
Mitsubishi Lancer,-,-,3,-,-,-,-,-,-,-,-,-
Mitsubishi Mirage,"1,570","1,792","2,880","2,004","2,150","2,505","3,256","2,824","2,196","2,135","1,901","1,753"
Mitsubishi Montero Sport,-,-,-,-,-,-,-,"2,404","2,301",-,"2,795",-
Mitsubishi Outlander,"2,346","3,471","7,923","2,408","3,840","5,601","1,656","1,661","1,565","1,733","1,784","3,977"
Mitsubishi Outlander PHEV,133,157,341,163,232,222,213,277,176,255,372,269
Mitsubishi Outlander Sport,"3,099","4,049","5,309","1,468","2,516","2,327","2,677",-,-,"2,203",-,"2,496"
Nissan 370Z,173,211,263,177,198,230,226,214,161,214,159,158
Nissan Altima,"12,189","16,216","23,075","16,531","24,218","16,548","11,236","22,403","17,553","13,531","16,551","19,132"
Nissan Armada,"2,202","3,190","4,409","1,917","4,490","2,505","1,673","1,716","2,507","2,714","1,754","2,967"
Nissan Frontier,"6,062","6,291","7,868","4,258","7,497","7,346","5,641","5,888","3,835","8,031","4,932","4,720"
Nissan GT-R,19,25,49,33,18,30,27,41,31,25,16,17
Nissan Juke,3,2,4,1,-,-,-,-,-,1,-,-
Nissan Kicks,"3,812","3,563","5,144","3,503","6,005","7,236","6,576","7,058","4,177","3,362","3,634","4,123"
Nissan Leaf,717,654,"1,314",951,"1,216","1,156",938,"1,117","1,048",887,"1,140","1,227"
Nissan Maxima,"3,457","3,504","3,593","2,009","2,153","2,079","2,124","3,548","3,732","3,217","2,273","3,387"
Nissan Murano,"4,080","3,412","4,237","3,476","5,634","5,133","6,454","9,462","8,460","7,477","5,349","5,187"
Nissan NV,"1,263","1,439","1,805","1,494","1,829","1,706","1,776","2,503","1,861","1,312","1,315","1,719"
Nissan NV200,"1,313","1,265","2,077","1,735","1,825","1,737","1,599","1,444","1,316","1,532","1,463","1,462"
Nissan Pathfinder,"5,268","4,860","7,226","4,713","7,751","6,494","4,686","4,223","4,121","5,636","4,819","5,894"
Nissan Quest,-,-,-,-,-,-,-,-,-,-,-,-
Nissan Rogue,"26,113","31,899","35,802","24,159","28,600","28,694","25,955","41,629","29,449","27,082","23,734","27,331"
Nissan Sentra,"14,088","17,072","25,633","13,051","18,831","21,224","16,365","11,393","10,493","13,889","11,546","11,033"
Nissan Titan,"3,031","2,722","3,930","2,489","3,189","2,665","2,242","2,589","2,555","2,134","2,052","1,916"
Nissan Versa,"6,649","7,410","10,933","6,710","8,116","8,882","2,702","2,817","2,914","3,373","2,825","3,265"
Porsche 718,263,163,239,612,456,422,438,339,271,239,247,191
Porsche 911,"1,101",990,803,655,613,458,408,382,911,"1,302",979,663
Porsche Cayenne,"2,150","1,762","1,647","1,645","1,680","1,147","1,334","1,454","1,512","1,216","1,972","1,482"
Porsche Macan,"1,418","1,403","1,387","1,114","1,740","2,649","2,300","2,038","2,142","2,330","2,471","1,675"
Porsche Panamera,487,508,703,992,521,529,476,423,377,360,657,592
Porsche Taycan,-,-,-,-,-,-,-,-,-,-,-,130
Ram Pickup,"34,889","39,950","45,187","49,106","62,250","68,098","53,169","59,550","48,916","56,825","58,929","56,825"
Ram ProMaster,"3,759","4,632","4,928","3,805","3,651","5,937","4,799","5,375","4,415","4,975","5,159","4,975"
Ram ProMaster City,"1,001",960,"1,707",900,"1,216","1,192",979,"1,096",901,977,"1,013",977
Smart ForTwo,83,58,90,85,85,74,56,74,-,-,-,-
Subaru Ascent,"4,981","6,160","7,932","6,512","7,509","7,014","7,296","7,319","5,319","6,091","7,545","8,280"
Subaru BRZ,259,242,318,287,231,203,167,158,111,112,115,131
Subaru CrossTrek,"8,236","8,257","9,704","9,319","11,551","11,392","12,283","15,860","11,895","12,137","10,378","10,140"
Subaru Forester,"13,318","13,133","14,205","14,782","16,028","14,753","14,731","17,076","13,421","15,910","16,386","16,436"
Subaru Impreza,"4,183","4,291","5,305","4,819","5,532","5,558","6,225","7,519","5,861","5,696","5,686","5,740"
Subaru Impreza WRX,"1,751","1,987","2,465","2,197","2,110","1,864","1,732","1,876","1,385","1,409","1,501","1,561"
Subaru Legacy,"2,403","2,683","3,133","2,991","2,994","3,222","3,244","3,121","2,386","2,670","2,801","3,415"
Subaru Outback,"10,941","12,328","18,539","16,381","18,017","17,505","18,428","17,110","11,281","11,506","12,481","16,661"
Tesla Model 3,"6,500","5,750","10,175","10,050","13,950","20,550","13,450","13,150","20,250","15,566","16,143","15,566"
Tesla Model S,875,800,"2,275",825,"1,025","1,750",975,"1,050","1,100","1,235","1,280","1,235"
Tesla Model X,950,"1,100","2,175","1,050","1,375","2,725","1,225","1,825","1,675","1,811","1,878","1,811"
Toyota 4Runner,"10,335","9,984","12,510","10,055","10,351","9,638","10,087","13,258","9,478","12,248","12,391","11,529"
Toyota 86 / FR-S,256,231,320,268,327,259,300,345,211,298,307,276
Toyota Avalon,"1,858","1,906","2,855","2,372","3,250","2,616","2,705","3,064","1,827","1,755","1,715","1,844"
Toyota C-HR,"4,102","4,743","5,676","3,656","3,994","3,640","3,591","4,935","3,440","3,900","3,950","3,303"
Toyota Camry,"23,802","24,267","33,615","29,227","36,208","28,889","27,134","31,986","23,328","26,602","25,611","26,309"
Toyota Corolla,"25,113","29,016","24,479","19,679","25,712","28,869","30,635","30,121","20,354","22,378","24,752","23,742"
Toyota FJ Cruiser,-,-,-,-,1,-,-,-,-,-,-,-
Toyota Highlander,"14,413","17,384","20,824","17,190","21,548","19,824","22,328","28,364","18,294","18,857","19,962","20,449"
Toyota Land Cruiser,114,369,324,253,296,272,249,283,226,418,372,360
Toyota Mirai,77,94,176,202,248,166,126,98,62,89,98,66
Toyota Prius Family,"2,987","3,661","5,410","4,799","6,615","5,769","6,592","8,261","6,164","6,679","6,723","6,058"
Toyota RAV4,"24,505","26,149","33,166","34,139","43,499","39,152","39,645","49,481","34,886","37,499","44,665","41,282"
Toyota Sequoia,726,841,843,592,793,769,"1,041","1,122",856,915,915,876
Toyota Sienna,"4,979","5,286","8,351","6,951","8,353","7,163","6,552","6,172","4,438","4,801","5,363","5,176"
Toyota Supra,-,-,-,-,-,-,320,643,514,516,487,404
Toyota Tacoma,"16,852","18,533","22,798","20,375","22,832","20,476","20,416","27,010","18,330","19,725","20,727","20,727"
Toyota Tundra,"7,159","7,590","10,351","8,862","10,657","9,878","11,088","12,427","8,050","8,081","8,816","8,714"
Toyota Venza,-,-,1,1,-,-,-,2,5,-,-,-
Toyota Yaris,"1,323","2,572","3,999","3,885","2,953","1,925","1,370",831,333,883,910,932
Volkswagen Arteon,-,-,-,78,245,275,252,329,304,366,317,283
Volkswagen Atlas,"3,803","4,795","7,381","6,050","8,273","7,424","7,688","8,227","6,064","6,647","7,756","7,400"
Volkswagen Beetle,971,"1,457","2,027","1,566","1,691","1,686","2,224","1,916","1,208",967,790,712
Volkswagen CC,9,4,9,5,6,5,6,3,3,2,4,2
Volkswagen Golf,"1,774","2,070","3,942","3,682","3,834","3,656","3,330","3,808","2,917","2,963","2,753","2,664"
Volkswagen Jetta,"6,875","7,109","9,105","7,745","9,653","8,486","8,086","9,592","8,090","8,582","8,966","8,164"
Volkswagen Passat,"2,899","2,097","2,762","1,607","1,294",797,628,572,314,211,228,714
Volkswagen Tiguan,"6,705","8,145","11,847","10,564","10,692","9,378","8,968","10,958","8,039","8,333","8,403","7,931"
Volkswagen Touareg,38,29,19,12,14,18,6,7,8,1,1,7
Volvo 60-Series,"1,400","1,058","1,501","1,259","1,767","1,989","1,309","1,456","1,951","2,550","1,933","2,017"
Volvo 90-Series,514,367,346,333,206,226,212,141,"1,094",204,191,218
Volvo XC40,"1,042",985,"1,550","1,824","1,715","1,437","2,072","1,501","1,090","1,048","1,404","1,979"
Volvo XC60,"1,471","2,229","2,936","2,251","2,872","2,807","2,426","2,926","2,253","2,285","2,585","3,537"
Volvo XC90,"1,427","1,996","3,236","2,700","3,201","3,475","2,776","3,163","2,935","2,720","3,522","4,609"
